,RunId,Step,seed,steps_per_second,aisle_speed,number_of_passengers,seat_assignment_method,conformance,Time (s),Boarding completed,Seat shuffle waiting time (s)
0,12,2336,0,2,0.8,124,back_to_front,10,1168.5,True,0.0
124,2,2880,0,2,0.8,124,random,20,1440.5,True,0.0
248,1,2880,0,2,0.8,124,random,10,1440.5,True,0.0
372,3,2880,0,2,0.8,124,random,30,1440.5,True,0.0
496,4,2880,0,2,0.8,124,random,40,1440.5,True,0.0
620,0,2880,0,2,0.8,124,random,0,1440.5,True,0.0
744,7,2880,0,2,0.8,124,random,70,1440.5,True,0.0
868,10,2880,0,2,0.8,124,random,100,1440.5,True,0.0
992,8,2880,0,2,0.8,124,random,80,1440.5,True,0.0
1116,9,2880,0,2,0.8,124,random,90,1440.5,True,0.0
1240,6,2880,0,2,0.8,124,random,60,1440.5,True,0.0
1364,5,2880,0,2,0.8,124,random,50,1440.5,True,0.0
1488,11,2906,0,2,0.8,124,back_to_front,0,1453.5,True,0.0
1612,13,2950,0,2,0.8,124,back_to_front,20,1475.5,True,0.0
1736,14,2922,0,2,0.8,124,back_to_front,30,1461.5,True,0.0
1860,15,3017,0,2,0.8,124,back_to_front,40,1509.0,True,0.0
1984,23,2471,0,2,0.8,124,segmented_random,10,1236.0,True,0.0
2108,22,2665,0,2,0.8,124,segmented_random,0,1333.0,True,0.0
2232,27,2569,0,2,0.8,124,segmented_random,50,1285.0,True,0.0
2356,24,2935,0,2,0.8,124,segmented_random,20,1468.0,True,0.0
2480,26,2721,0,2,0.8,124,segmented_random,40,1361.0,True,0.0
2604,28,2627,0,2,0.8,124,segmented_random,60,1314.0,True,0.0
2728,25,2809,0,2,0.8,124,segmented_random,30,1405.0,True,0.0
2852,16,3230,0,2,0.8,124,back_to_front,50,1615.5,True,0.0
2976,29,3137,0,2,0.8,124,segmented_random,70,1569.0,True,0.0
3100,30,3234,0,2,0.8,124,segmented_random,80,1617.5,True,0.0
3224,31,3258,0,2,0.8,124,segmented_random,90,1629.5,True,0.0
3348,17,4013,0,2,0.8,124,back_to_front,60,2007.0,True,0.0
3472,18,4396,0,2,0.8,124,back_to_front,70,2198.5,True,0.0
3596,33,2556,0,2,0.8,124,outside_in,0,1278.5,True,0.0
3720,34,2557,0,2,0.8,124,outside_in,10,1279.0,True,0.0
3844,19,4967,0,2,0.8,124,back_to_front,80,2484.0,True,0.0
3968,35,2484,0,2,0.8,124,outside_in,20,1242.5,True,0.0
4092,36,2945,0,2,0.8,124,outside_in,30,1473.0,True,0.0
4216,37,2872,0,2,0.8,124,outside_in,40,1436.5,True,0.0
4340,39,3000,0,2,0.8,124,outside_in,60,1500.5,True,0.0
4464,38,3020,0,2,0.8,124,outside_in,50,1510.5,True,0.0
4588,32,3478,0,2,0.8,124,segmented_random,100,1739.5,True,0.0
4712,20,5874,0,2,0.8,124,back_to_front,90,2937.5,True,0.0
4836,40,2773,0,2,0.8,124,outside_in,70,1387.0,True,0.0
4960,21,6000,0,2,0.8,124,back_to_front,100,3000.5,False,0.0
5084,42,2642,0,2,0.8,124,outside_in,90,1321.5,True,0.0
5208,41,2680,0,2,0.8,124,outside_in,80,1340.5,True,0.0
5332,43,2775,0,2,0.8,124,outside_in,100,1388.0,True,0.0
5456,44,2663,0,2,0.8,124,steffen_perfect,0,1332.0,True,0.0
5580,47,2435,0,2,0.8,124,steffen_perfect,30,1218.0,True,0.0
5704,45,2617,0,2,0.8,124,steffen_perfect,10,1309.0,True,0.0
5828,50,2256,0,2,0.8,124,steffen_perfect,60,1128.5,True,0.0
5952,48,2429,0,2,0.8,124,steffen_perfect,40,1215.0,True,0.0
6076,54,1558,0,2,0.8,124,steffen_perfect,100,779.5,True,0.0
6200,52,1881,0,2,0.8,124,steffen_perfect,80,941.0,True,0.0
6324,53,1847,0,2,0.8,124,steffen_perfect,90,924.0,True,0.0
6448,46,2665,0,2,0.8,124,steffen_perfect,20,1333.0,True,0.0
6572,51,2243,0,2,0.8,124,steffen_perfect,70,1122.0,True,0.0
6696,49,2527,0,2,0.8,124,steffen_perfect,50,1264.0,True,0.0
6820,55,2661,0,2,0.8,125,random,0,1331.0,True,0.0
6945,57,2661,0,2,0.8,125,random,20,1331.0,True,0.0
7070,58,2661,0,2,0.8,125,random,30,1331.0,True,0.0
7195,56,2661,0,2,0.8,125,random,10,1331.0,True,0.0
7320,59,2661,0,2,0.8,125,random,40,1331.0,True,0.0
7445,60,2661,0,2,0.8,125,random,50,1331.0,True,0.0
7570,61,2661,0,2,0.8,125,random,60,1331.0,True,0.0
7695,62,2661,0,2,0.8,125,random,70,1331.0,True,0.0
7820,64,2661,0,2,0.8,125,random,90,1331.0,True,0.0
7945,65,2661,0,2,0.8,125,random,100,1331.0,True,0.0
8070,63,2661,0,2,0.8,125,random,80,1331.0,True,0.0
8195,67,2417,0,2,0.8,125,back_to_front,10,1209.0,True,0.0
8320,68,2718,0,2,0.8,125,back_to_front,20,1359.5,True,0.0
8445,66,2704,0,2,0.8,125,back_to_front,0,1352.5,True,0.0
8570,69,2850,0,2,0.8,125,back_to_front,30,1425.5,True,0.0
8695,70,3110,0,2,0.8,125,back_to_front,40,1555.5,True,0.0
8820,71,3551,0,2,0.8,125,back_to_front,50,1776.0,True,0.0
8945,77,2686,0,2,0.8,125,segmented_random,0,1343.5,True,0.0
9070,78,2602,0,2,0.8,125,segmented_random,10,1301.5,True,0.0
9195,72,4149,0,2,0.8,125,back_to_front,60,2075.0,True,0.0
9320,81,2719,0,2,0.8,125,segmented_random,40,1360.0,True,0.0
9445,80,2715,0,2,0.8,125,segmented_random,30,1358.0,True,0.0
9570,82,3212,0,2,0.8,125,segmented_random,50,1606.5,True,0.0
9695,73,4515,0,2,0.8,125,back_to_front,70,2258.0,True,0.0
9820,79,2833,0,2,0.8,125,segmented_random,20,1417.0,True,0.0
9945,84,2772,0,2,0.8,125,segmented_random,70,1386.5,True,0.0
10070,83,2801,0,2,0.8,125,segmented_random,60,1401.0,True,0.0
10195,85,3113,0,2,0.8,125,segmented_random,80,1557.0,True,0.0
10320,74,5345,0,2,0.8,125,back_to_front,80,2673.0,True,0.0
10445,88,2497,0,2,0.8,125,outside_in,0,1249.0,True,0.0
10570,75,5827,0,2,0.8,125,back_to_front,90,2914.0,True,0.0
10695,89,2680,0,2,0.8,125,outside_in,10,1340.5,True,0.0
10820,92,2398,0,2,0.8,125,outside_in,40,1199.5,True,0.0
10945,86,3239,0,2,0.8,125,segmented_random,90,1620.0,True,0.0
11070,91,2604,0,2,0.8,125,outside_in,30,1302.5,True,0.0
11195,87,3122,0,2,0.8,125,segmented_random,100,1561.5,True,0.0
11320,76,6000,0,2,0.8,125,back_to_front,100,3000.5,False,0.0
11445,90,2900,0,2,0.8,125,outside_in,20,1450.5,True,0.0
11570,93,2214,0,2,0.8,125,outside_in,50,1107.5,True,0.0
11695,94,2372,0,2,0.8,125,outside_in,60,1186.5,True,0.0
11820,96,2475,0,2,0.8,125,outside_in,80,1238.0,True,0.0
11945,97,2424,0,2,0.8,125,outside_in,90,1212.5,True,0.0
12070,95,2348,0,2,0.8,125,outside_in,70,1174.5,True,0.0
12195,98,2363,0,2,0.8,125,outside_in,100,1182.0,True,0.0
12320,99,2463,0,2,0.8,125,steffen_perfect,0,1232.0,True,0.0
12445,102,2197,0,2,0.8,125,steffen_perfect,30,1099.0,True,0.0
12570,100,2639,0,2,0.8,125,steffen_perfect,10,1320.0,True,0.0
12695,108,1691,0,2,0.8,125,steffen_perfect,90,846.0,True,0.0
12820,107,1914,0,2,0.8,125,steffen_perfect,80,957.5,True,0.0
12945,101,2449,0,2,0.8,125,steffen_perfect,20,1225.0,True,0.0
13070,109,1577,0,2,0.8,125,steffen_perfect,100,789.0,True,0.0
13195,106,2078,0,2,0.8,125,steffen_perfect,70,1039.5,True,0.0
13320,105,2336,0,2,0.8,125,steffen_perfect,60,1168.5,True,0.0
13445,104,2335,0,2,0.8,125,steffen_perfect,50,1168.0,True,0.0
13570,103,2485,0,2,0.8,125,steffen_perfect,40,1243.0,True,0.0
13695,110,2803,0,2,0.8,126,random,0,1402.0,True,0.0
13821,112,2803,0,2,0.8,126,random,20,1402.0,True,0.0
13947,115,2803,0,2,0.8,126,random,50,1402.0,True,0.0
14073,111,2803,0,2,0.8,126,random,10,1402.0,True,0.0
14199,113,2803,0,2,0.8,126,random,30,1402.0,True,0.0
14325,116,2803,0,2,0.8,126,random,60,1402.0,True,0.0
14451,114,2803,0,2,0.8,126,random,40,1402.0,True,0.0
14577,119,2803,0,2,0.8,126,random,90,1402.0,True,0.0
14703,118,2803,0,2,0.8,126,random,80,1402.0,True,0.0
14829,120,2803,0,2,0.8,126,random,100,1402.0,True,0.0
14955,122,2302,0,2,0.8,126,back_to_front,10,1151.5,True,0.0
15081,117,2803,0,2,0.8,126,random,70,1402.0,True,0.0
15207,121,2829,0,2,0.8,126,back_to_front,0,1415.0,True,0.0
15333,123,2714,0,2,0.8,126,back_to_front,20,1357.5,True,0.0
15459,124,3088,0,2,0.8,126,back_to_front,30,1544.5,True,0.0
15585,125,3091,0,2,0.8,126,back_to_front,40,1546.0,True,0.0
15711,132,2589,0,2,0.8,126,segmented_random,0,1295.0,True,0.0
15837,133,2837,0,2,0.8,126,segmented_random,10,1419.0,True,0.0
15963,135,2322,0,2,0.8,126,segmented_random,30,1161.5,True,0.0
16089,136,2308,0,2,0.8,126,segmented_random,40,1154.5,True,0.0
16215,137,2562,0,2,0.8,126,segmented_random,50,1281.5,True,0.0
16341,134,2846,0,2,0.8,126,segmented_random,20,1423.5,True,0.0
16467,127,3614,0,2,0.8,126,back_to_front,60,1807.5,True,0.0
16593,126,3640,0,2,0.8,126,back_to_front,50,1820.5,True,0.0
16719,138,2656,0,2,0.8,126,segmented_random,60,1328.5,True,0.0
16845,139,2689,0,2,0.8,126,segmented_random,70,1345.0,True,0.0
16971,140,2490,0,2,0.8,126,segmented_random,80,1245.5,True,0.0
17097,141,2861,0,2,0.8,126,segmented_random,90,1431.0,True,0.0
17223,129,5184,0,2,0.8,126,back_to_front,80,2592.5,True,0.0
17349,128,4691,0,2,0.8,126,back_to_front,70,2346.0,True,0.0
17475,142,2924,0,2,0.8,126,segmented_random,100,1462.5,True,0.0
17601,144,2757,0,2,0.8,126,outside_in,10,1379.0,True,0.0
17727,143,2976,0,2,0.8,126,outside_in,0,1488.5,True,0.0
17853,145,2763,0,2,0.8,126,outside_in,20,1382.0,True,0.0
17979,146,2851,0,2,0.8,126,outside_in,30,1426.0,True,0.0
18105,150,2498,0,2,0.8,126,outside_in,70,1249.5,True,0.0
18231,147,2971,0,2,0.8,126,outside_in,40,1486.0,True,0.0
18357,149,2570,0,2,0.8,126,outside_in,60,1285.5,True,0.0
18483,131,6000,0,2,0.8,126,back_to_front,100,3000.5,False,0.0
18609,148,2774,0,2,0.8,126,outside_in,50,1387.5,True,0.0
18735,130,6000,0,2,0.8,126,back_to_front,90,3000.5,False,0.0
18861,151,2622,0,2,0.8,126,outside_in,80,1311.5,True,0.0
18987,152,2552,0,2,0.8,126,outside_in,90,1276.5,True,0.0
19113,153,2543,0,2,0.8,126,outside_in,100,1272.0,True,0.0
19239,154,2607,0,2,0.8,126,steffen_perfect,0,1304.0,True,0.0
19365,155,2862,0,2,0.8,126,steffen_perfect,10,1431.5,True,0.0
19491,163,1718,0,2,0.8,126,steffen_perfect,90,859.5,True,0.0
19617,164,1573,0,2,0.8,126,steffen_perfect,100,787.0,True,0.0
19743,157,2423,0,2,0.8,126,steffen_perfect,30,1212.0,True,0.0
19869,156,2643,0,2,0.8,126,steffen_perfect,20,1322.0,True,0.0
19995,161,1988,0,2,0.8,126,steffen_perfect,70,994.5,True,0.0
20121,159,2484,0,2,0.8,126,steffen_perfect,50,1242.5,True,0.0
20247,160,2623,0,2,0.8,126,steffen_perfect,60,1312.0,True,0.0
20373,162,2089,0,2,0.8,126,steffen_perfect,80,1045.0,True,0.0
20499,158,2457,0,2,0.8,126,steffen_perfect,40,1229.0,True,0.0
20625,166,2678,0,2,0.8,127,random,10,1339.5,True,0.0
20752,165,2678,0,2,0.8,127,random,0,1339.5,True,0.0
20879,167,2678,0,2,0.8,127,random,20,1339.5,True,0.0
21006,170,2678,0,2,0.8,127,random,50,1339.5,True,0.0
21133,169,2678,0,2,0.8,127,random,40,1339.5,True,0.0
21260,168,2678,0,2,0.8,127,random,30,1339.5,True,0.0
21387,171,2678,0,2,0.8,127,random,60,1339.5,True,0.0
21514,175,2678,0,2,0.8,127,random,100,1339.5,True,0.0
21641,172,2678,0,2,0.8,127,random,70,1339.5,True,0.0
21768,173,2678,0,2,0.8,127,random,80,1339.5,True,0.0
21895,174,2678,0,2,0.8,127,random,90,1339.5,True,0.0
22022,178,2558,0,2,0.8,127,back_to_front,20,1279.5,True,0.0
22149,176,2661,0,2,0.8,127,back_to_front,0,1331.0,True,0.0
22276,177,2760,0,2,0.8,127,back_to_front,10,1380.5,True,0.0
22403,179,3080,0,2,0.8,127,back_to_front,30,1540.5,True,0.0
22530,180,3310,0,2,0.8,127,back_to_front,40,1655.5,True,0.0
22657,190,2415,0,2,0.8,127,segmented_random,30,1208.0,True,0.0
22784,188,2835,0,2,0.8,127,segmented_random,10,1418.0,True,0.0
22911,187,2786,0,2,0.8,127,segmented_random,0,1393.5,True,0.0
23038,192,2258,0,2,0.8,127,segmented_random,50,1129.5,True,0.0
23165,193,2397,0,2,0.8,127,segmented_random,60,1199.0,True,0.0
23292,189,3000,0,2,0.8,127,segmented_random,20,1500.5,True,0.0
23419,181,3860,0,2,0.8,127,back_to_front,50,1930.5,True,0.0
23546,191,2836,0,2,0.8,127,segmented_random,40,1418.5,True,0.0
23673,182,4018,0,2,0.8,127,back_to_front,60,2009.5,True,0.0
23800,194,2525,0,2,0.8,127,segmented_random,70,1263.0,True,0.0
23927,183,4444,0,2,0.8,127,back_to_front,70,2222.5,True,0.0
24054,195,2643,0,2,0.8,127,segmented_random,80,1322.0,True,0.0
24181,202,2163,0,2,0.8,127,outside_in,40,1082.0,True,0.0
24308,184,5157,0,2,0.8,127,back_to_front,80,2579.0,True,0.0
24435,196,2719,0,2,0.8,127,segmented_random,90,1360.0,True,0.0
24562,199,2546,0,2,0.8,127,outside_in,10,1273.5,True,0.0
24689,185,5743,0,2,0.8,127,back_to_front,90,2872.0,True,0.0
24816,197,2895,0,2,0.8,127,segmented_random,100,1448.0,True,0.0
24943,198,2731,0,2,0.8,127,outside_in,0,1366.0,True,0.0
25070,203,2839,0,2,0.8,127,outside_in,50,1420.0,True,0.0
25197,200,2605,0,2,0.8,127,outside_in,20,1303.0,True,0.0
25324,201,2927,0,2,0.8,127,outside_in,30,1464.0,True,0.0
25451,204,3052,0,2,0.8,127,outside_in,60,1526.5,True,0.0
25578,186,6000,0,2,0.8,127,back_to_front,100,3000.5,False,0.0
25705,205,2951,0,2,0.8,127,outside_in,70,1476.0,True,0.0
25832,206,2757,0,2,0.8,127,outside_in,80,1379.0,True,0.0
25959,207,2652,0,2,0.8,127,outside_in,90,1326.5,True,0.0
26086,208,2679,0,2,0.8,127,outside_in,100,1340.0,True,0.0
26213,213,2340,0,2,0.8,127,steffen_perfect,40,1170.5,True,0.0
26340,215,2075,0,2,0.8,127,steffen_perfect,60,1038.0,True,0.0
26467,209,2815,0,2,0.8,127,steffen_perfect,0,1408.0,True,0.0
26594,210,2778,0,2,0.8,127,steffen_perfect,10,1389.5,True,0.0
26721,219,1574,0,2,0.8,127,steffen_perfect,100,787.5,True,0.0
26848,212,2558,0,2,0.8,127,steffen_perfect,30,1279.5,True,0.0
26975,217,2065,0,2,0.8,127,steffen_perfect,80,1033.0,True,0.0
27102,214,2568,0,2,0.8,127,steffen_perfect,50,1284.5,True,0.0
27229,211,2791,0,2,0.8,127,steffen_perfect,20,1396.0,True,0.0
27356,218,1909,0,2,0.8,127,steffen_perfect,90,955.0,True,0.0
27483,216,2342,0,2,0.8,127,steffen_perfect,70,1171.5,True,0.0
27610,220,2901,0,2,0.8,128,random,0,1451.0,True,0.0
27738,221,2901,0,2,0.8,128,random,10,1451.0,True,0.0
27866,222,2901,0,2,0.8,128,random,20,1451.0,True,0.0
27994,223,2901,0,2,0.8,128,random,30,1451.0,True,0.0
28122,224,2901,0,2,0.8,128,random,40,1451.0,True,0.0
28250,228,2901,0,2,0.8,128,random,80,1451.0,True,0.0
28378,226,2901,0,2,0.8,128,random,60,1451.0,True,0.0
28506,225,2901,0,2,0.8,128,random,50,1451.0,True,0.0
28634,227,2901,0,2,0.8,128,random,70,1451.0,True,0.0
28762,230,2901,0,2,0.8,128,random,100,1451.0,True,0.0
28890,229,2901,0,2,0.8,128,random,90,1451.0,True,0.0
29018,232,2832,0,2,0.8,128,back_to_front,10,1416.5,True,0.0
29146,233,3120,0,2,0.8,128,back_to_front,20,1560.5,True,0.0
29274,234,2986,0,2,0.8,128,back_to_front,30,1493.5,True,0.0
29402,231,3445,0,2,0.8,128,back_to_front,0,1723.0,True,0.0
29530,235,3539,0,2,0.8,128,back_to_front,40,1770.0,True,0.0
29658,242,2821,0,2,0.8,128,segmented_random,0,1411.0,True,0.0
29786,243,2755,0,2,0.8,128,segmented_random,10,1378.0,True,0.0
29914,246,2270,0,2,0.8,128,segmented_random,40,1135.5,True,0.0
30042,244,2628,0,2,0.8,128,segmented_random,20,1314.5,True,0.0
30170,236,3753,0,2,0.8,128,back_to_front,50,1877.0,True,0.0
30298,245,2487,0,2,0.8,128,segmented_random,30,1244.0,True,0.0
30426,247,2418,0,2,0.8,128,segmented_random,50,1209.5,True,0.0
30554,248,2349,0,2,0.8,128,segmented_random,60,1175.0,True,0.0
30682,249,2374,0,2,0.8,128,segmented_random,70,1187.5,True,0.0
30810,237,4073,0,2,0.8,128,back_to_front,60,2037.0,True,0.0
30938,250,2524,0,2,0.8,128,segmented_random,80,1262.5,True,0.0
31066,251,2708,0,2,0.8,128,segmented_random,90,1354.5,True,0.0
31194,238,4968,0,2,0.8,128,back_to_front,70,2484.5,True,0.0
31322,239,5127,0,2,0.8,128,back_to_front,80,2564.0,True,0.0
31450,258,2416,0,2,0.8,128,outside_in,50,1208.5,True,0.0
31578,254,2664,0,2,0.8,128,outside_in,10,1332.5,True,0.0
31706,257,2637,0,2,0.8,128,outside_in,40,1319.0,True,0.0
31834,255,2845,0,2,0.8,128,outside_in,20,1423.0,True,0.0
31962,253,2673,0,2,0.8,128,outside_in,0,1337.0,True,0.0
32090,256,2884,0,2,0.8,128,outside_in,30,1442.5,True,0.0
32218,252,2960,0,2,0.8,128,segmented_random,100,1480.5,True,0.0
32346,260,2637,0,2,0.8,128,outside_in,70,1319.0,True,0.0
32474,261,2372,0,2,0.8,128,outside_in,80,1186.5,True,0.0
32602,262,2595,0,2,0.8,128,outside_in,90,1298.0,True,0.0
32730,259,2854,0,2,0.8,128,outside_in,60,1427.5,True,0.0
32858,240,6000,0,2,0.8,128,back_to_front,90,3000.5,False,0.0
32986,241,6000,0,2,0.8,128,back_to_front,100,3000.5,False,0.0
33114,263,2532,0,2,0.8,128,outside_in,100,1266.5,True,0.0
33242,274,1570,0,2,0.8,128,steffen_perfect,100,785.5,True,0.0
33370,265,2556,0,2,0.8,128,steffen_perfect,10,1278.5,True,0.0
33498,268,2299,0,2,0.8,128,steffen_perfect,40,1150.0,True,0.0
33626,270,2062,0,2,0.8,128,steffen_perfect,60,1031.5,True,0.0
33754,266,2565,0,2,0.8,128,steffen_perfect,20,1283.0,True,0.0
33882,272,1944,0,2,0.8,128,steffen_perfect,80,972.5,True,0.0
34010,264,2709,0,2,0.8,128,steffen_perfect,0,1355.0,True,0.0
34138,271,2274,0,2,0.8,128,steffen_perfect,70,1137.5,True,0.0
34266,267,2625,0,2,0.8,128,steffen_perfect,30,1313.0,True,0.0
34394,269,2485,0,2,0.8,128,steffen_perfect,50,1243.0,True,0.0
34522,273,1883,0,2,0.8,128,steffen_perfect,90,942.0,True,0.0
34650,275,2777,0,2,0.8,129,random,0,1389.0,True,0.0
34779,277,2777,0,2,0.8,129,random,20,1389.0,True,0.0
34908,276,2777,0,2,0.8,129,random,10,1389.0,True,0.0
35037,278,2777,0,2,0.8,129,random,30,1389.0,True,0.0
35166,279,2777,0,2,0.8,129,random,40,1389.0,True,0.0
35295,281,2777,0,2,0.8,129,random,60,1389.0,True,0.0
35424,280,2777,0,2,0.8,129,random,50,1389.0,True,0.0
35553,282,2777,0,2,0.8,129,random,70,1389.0,True,0.0
35682,283,2777,0,2,0.8,129,random,80,1389.0,True,0.0
35811,285,2777,0,2,0.8,129,random,100,1389.0,True,0.0
35940,284,2777,0,2,0.8,129,random,90,1389.0,True,0.0
36069,286,2914,0,2,0.8,129,back_to_front,0,1457.5,True,0.0
36198,287,2817,0,2,0.8,129,back_to_front,10,1409.0,True,0.0
36327,288,3036,0,2,0.8,129,back_to_front,20,1518.5,True,0.0
36456,289,3332,0,2,0.8,129,back_to_front,30,1666.5,True,0.0
36585,290,3586,0,2,0.8,129,back_to_front,40,1793.5,True,0.0
36714,291,3624,0,2,0.8,129,back_to_front,50,1812.5,True,0.0
36843,299,2576,0,2,0.8,129,segmented_random,20,1288.5,True,0.0
36972,297,2535,0,2,0.8,129,segmented_random,0,1268.0,True,0.0
37101,298,2701,0,2,0.8,129,segmented_random,10,1351.0,True,0.0
37230,300,2607,0,2,0.8,129,segmented_random,30,1304.0,True,0.0
37359,292,4159,0,2,0.8,129,back_to_front,60,2080.0,True,0.0
37488,303,2622,0,2,0.8,129,segmented_random,60,1311.5,True,0.0
37617,293,4484,0,2,0.8,129,back_to_front,70,2242.5,True,0.0
37746,302,2627,0,2,0.8,129,segmented_random,50,1314.0,True,0.0
37875,304,2726,0,2,0.8,129,segmented_random,70,1363.5,True,0.0
38004,301,2910,0,2,0.8,129,segmented_random,40,1455.5,True,0.0
38133,305,2754,0,2,0.8,129,segmented_random,80,1377.5,True,0.0
38262,294,5014,0,2,0.8,129,back_to_front,80,2507.5,True,0.0
38391,306,3026,0,2,0.8,129,segmented_random,90,1513.5,True,0.0
38520,309,2590,0,2,0.8,129,outside_in,10,1295.5,True,0.0
38649,295,5510,0,2,0.8,129,back_to_front,90,2755.5,True,0.0
38778,308,2641,0,2,0.8,129,outside_in,0,1321.0,True,0.0
38907,310,2827,0,2,0.8,129,outside_in,20,1414.0,True,0.0
39036,311,2573,0,2,0.8,129,outside_in,30,1287.0,True,0.0
39165,307,3307,0,2,0.8,129,segmented_random,100,1654.0,True,0.0
39294,313,2751,0,2,0.8,129,outside_in,50,1376.0,True,0.0
39423,316,2425,0,2,0.8,129,outside_in,80,1213.0,True,0.0
39552,296,6000,0,2,0.8,129,back_to_front,100,3000.5,False,0.0
39681,317,2455,0,2,0.8,129,outside_in,90,1228.0,True,0.0
39810,312,2750,0,2,0.8,129,outside_in,40,1375.5,True,0.0
39939,315,2650,0,2,0.8,129,outside_in,70,1325.5,True,0.0
40068,314,2696,0,2,0.8,129,outside_in,60,1348.5,True,0.0
40197,318,2428,0,2,0.8,129,outside_in,100,1214.5,True,0.0
40326,319,2488,0,2,0.8,129,steffen_perfect,0,1244.5,True,0.0
40455,321,2532,0,2,0.8,129,steffen_perfect,20,1266.5,True,0.0
40584,320,2903,0,2,0.8,129,steffen_perfect,10,1452.0,True,0.0
40713,322,2441,0,2,0.8,129,steffen_perfect,30,1221.0,True,0.0
40842,323,2598,0,2,0.8,129,steffen_perfect,40,1299.5,True,0.0
40971,329,1613,0,2,0.8,129,steffen_perfect,100,807.0,True,0.0
41100,325,2315,0,2,0.8,129,steffen_perfect,60,1158.0,True,0.0
41229,328,2068,0,2,0.8,129,steffen_perfect,90,1034.5,True,0.0
41358,326,2225,0,2,0.8,129,steffen_perfect,70,1113.0,True,0.0
41487,324,2535,0,2,0.8,129,steffen_perfect,50,1268.0,True,0.0
41616,327,2335,0,2,0.8,129,steffen_perfect,80,1168.0,True,0.0
41745,330,2655,0,2,0.8,130,random,0,1328.0,True,0.0
41875,331,2655,0,2,0.8,130,random,10,1328.0,True,0.0
42005,333,2655,0,2,0.8,130,random,30,1328.0,True,0.0
42135,332,2655,0,2,0.8,130,random,20,1328.0,True,0.0
42265,334,2655,0,2,0.8,130,random,40,1328.0,True,0.0
42395,335,2655,0,2,0.8,130,random,50,1328.0,True,0.0
42525,337,2655,0,2,0.8,130,random,70,1328.0,True,0.0
42655,338,2655,0,2,0.8,130,random,80,1328.0,True,0.0
42785,336,2655,0,2,0.8,130,random,60,1328.0,True,0.0
42915,339,2655,0,2,0.8,130,random,90,1328.0,True,0.0
43045,340,2655,0,2,0.8,130,random,100,1328.0,True,0.0
43175,341,2754,0,2,0.8,130,back_to_front,0,1377.5,True,0.0
43305,343,2951,0,2,0.8,130,back_to_front,20,1476.0,True,0.0
43435,344,3401,0,2,0.8,130,back_to_front,30,1701.0,True,0.0
43565,342,3365,0,2,0.8,130,back_to_front,10,1683.0,True,0.0
43695,345,3314,0,2,0.8,130,back_to_front,40,1657.5,True,0.0
43825,352,2561,0,2,0.8,130,segmented_random,0,1281.0,True,0.0
43955,346,3838,0,2,0.8,130,back_to_front,50,1919.5,True,0.0
44085,355,2615,0,2,0.8,130,segmented_random,30,1308.0,True,0.0
44215,354,2824,0,2,0.8,130,segmented_random,20,1412.5,True,0.0
44345,356,2848,0,2,0.8,130,segmented_random,40,1424.5,True,0.0
44475,353,3025,0,2,0.8,130,segmented_random,10,1513.0,True,0.0
44605,348,4215,0,2,0.8,130,back_to_front,70,2108.0,True,0.0
44735,347,4666,0,2,0.8,130,back_to_front,60,2333.5,True,0.0
44865,357,2849,0,2,0.8,130,segmented_random,50,1425.0,True,0.0
44995,358,2885,0,2,0.8,130,segmented_random,60,1443.0,True,0.0
45125,360,2798,0,2,0.8,130,segmented_random,80,1399.5,True,0.0
45255,359,2605,0,2,0.8,130,segmented_random,70,1303.0,True,0.0
45385,349,5411,0,2,0.8,130,back_to_front,80,2706.0,True,0.0
45515,361,2897,0,2,0.8,130,segmented_random,90,1449.0,True,0.0
45645,350,5739,0,2,0.8,130,back_to_front,90,2870.0,True,0.0
45775,363,2799,0,2,0.8,130,outside_in,0,1400.0,True,0.0
45905,366,2369,0,2,0.8,130,outside_in,30,1185.0,True,0.0
46035,362,3080,0,2,0.8,130,segmented_random,100,1540.5,True,0.0
46165,368,2531,0,2,0.8,130,outside_in,50,1266.0,True,0.0
46295,365,2734,0,2,0.8,130,outside_in,20,1367.5,True,0.0
46425,351,6000,0,2,0.8,130,back_to_front,100,3000.5,False,0.0
46555,367,2807,0,2,0.8,130,outside_in,40,1404.0,True,0.0
46685,364,3037,0,2,0.8,130,outside_in,10,1519.0,True,0.0
46815,369,2531,0,2,0.8,130,outside_in,60,1266.0,True,0.0
46945,372,2238,0,2,0.8,130,outside_in,90,1119.5,True,0.0
47075,370,2507,0,2,0.8,130,outside_in,70,1254.0,True,0.0
47205,371,2448,0,2,0.8,130,outside_in,80,1224.5,True,0.0
47335,373,2273,0,2,0.8,130,outside_in,100,1137.0,True,0.0
47465,375,2459,0,2,0.8,130,steffen_perfect,10,1230.0,True,0.0
47595,374,2776,0,2,0.8,130,steffen_perfect,0,1388.5,True,0.0
47725,376,2345,0,2,0.8,130,steffen_perfect,20,1173.0,True,0.0
47855,384,1638,0,2,0.8,130,steffen_perfect,100,819.5,True,0.0
47985,383,1723,0,2,0.8,130,steffen_perfect,90,862.0,True,0.0
48115,381,1881,0,2,0.8,130,steffen_perfect,70,941.0,True,0.0
48245,377,2498,0,2,0.8,130,steffen_perfect,30,1249.5,True,0.0
48375,382,2067,0,2,0.8,130,steffen_perfect,80,1034.0,True,0.0
48505,378,2617,0,2,0.8,130,steffen_perfect,40,1309.0,True,0.0
48635,380,2406,0,2,0.8,130,steffen_perfect,60,1203.5,True,0.0
48765,379,2566,0,2,0.8,130,steffen_perfect,50,1283.5,True,0.0
48895,387,2890,0,2,0.8,131,random,20,1445.5,True,0.0
49026,385,2890,0,2,0.8,131,random,0,1445.5,True,0.0
49157,386,2890,0,2,0.8,131,random,10,1445.5,True,0.0
49288,388,2890,0,2,0.8,131,random,30,1445.5,True,0.0
49419,389,2890,0,2,0.8,131,random,40,1445.5,True,0.0
49550,391,2890,0,2,0.8,131,random,60,1445.5,True,0.0
49681,392,2890,0,2,0.8,131,random,70,1445.5,True,0.0
49812,393,2890,0,2,0.8,131,random,80,1445.5,True,0.0
49943,390,2890,0,2,0.8,131,random,50,1445.5,True,0.0
50074,394,2890,0,2,0.8,131,random,90,1445.5,True,0.0
50205,395,2890,0,2,0.8,131,random,100,1445.5,True,0.0
50336,396,2978,0,2,0.8,131,back_to_front,0,1489.5,True,0.0
50467,399,2978,0,2,0.8,131,back_to_front,30,1489.5,True,0.0
50598,398,2973,0,2,0.8,131,back_to_front,20,1487.0,True,0.0
50729,397,3239,0,2,0.8,131,back_to_front,10,1620.0,True,0.0
50860,400,3464,0,2,0.8,131,back_to_front,40,1732.5,True,0.0
50991,407,2647,0,2,0.8,131,segmented_random,0,1324.0,True,0.0
51122,410,2632,0,2,0.8,131,segmented_random,30,1316.5,True,0.0
51253,409,2702,0,2,0.8,131,segmented_random,20,1351.5,True,0.0
51384,401,3447,0,2,0.8,131,back_to_front,50,1724.0,True,0.0
51515,411,2610,0,2,0.8,131,segmented_random,40,1305.5,True,0.0
51646,402,4281,0,2,0.8,131,back_to_front,60,2141.0,True,0.0
51777,408,2814,0,2,0.8,131,segmented_random,10,1407.5,True,0.0
51908,414,2735,0,2,0.8,131,segmented_random,70,1368.0,True,0.0
52039,412,2980,0,2,0.8,131,segmented_random,50,1490.5,True,0.0
52170,413,2377,0,2,0.8,131,segmented_random,60,1189.0,True,0.0
52301,415,3110,0,2,0.8,131,segmented_random,80,1555.5,True,0.0
52432,403,4888,0,2,0.8,131,back_to_front,70,2444.5,True,0.0
52563,416,2982,0,2,0.8,131,segmented_random,90,1491.5,True,0.0
52694,404,5204,0,2,0.8,131,back_to_front,80,2602.5,True,0.0
52825,421,2488,0,2,0.8,131,outside_in,30,1244.5,True,0.0
52956,420,2894,0,2,0.8,131,outside_in,20,1447.5,True,0.0
53087,418,2715,0,2,0.8,131,outside_in,0,1358.0,True,0.0
53218,417,2951,0,2,0.8,131,segmented_random,100,1476.0,True,0.0
53349,405,5966,0,2,0.8,131,back_to_front,90,2983.5,True,0.0
53480,419,3073,0,2,0.8,131,outside_in,10,1537.0,True,0.0
53611,423,2885,0,2,0.8,131,outside_in,50,1443.0,True,0.0
53742,406,6000,0,2,0.8,131,back_to_front,100,3000.5,False,0.0
53873,425,2624,0,2,0.8,131,outside_in,70,1312.5,True,0.0
54004,422,2798,0,2,0.8,131,outside_in,40,1399.5,True,0.0
54135,426,2481,0,2,0.8,131,outside_in,80,1241.0,True,0.0
54266,428,2531,0,2,0.8,131,outside_in,100,1266.0,True,0.0
54397,427,2523,0,2,0.8,131,outside_in,90,1262.0,True,0.0
54528,424,2490,0,2,0.8,131,outside_in,60,1245.5,True,0.0
54659,429,2706,0,2,0.8,131,steffen_perfect,0,1353.5,True,0.0
54790,431,2325,0,2,0.8,131,steffen_perfect,20,1163.0,True,0.0
54921,433,2261,0,2,0.8,131,steffen_perfect,40,1131.0,True,0.0
55052,436,2183,0,2,0.8,131,steffen_perfect,70,1092.0,True,0.0
55183,432,2726,0,2,0.8,131,steffen_perfect,30,1363.5,True,0.0
55314,439,1636,0,2,0.8,131,steffen_perfect,100,818.5,True,0.0
55445,430,2924,0,2,0.8,131,steffen_perfect,10,1462.5,True,0.0
55576,438,1843,0,2,0.8,131,steffen_perfect,90,922.0,True,0.0
55707,435,2573,0,2,0.8,131,steffen_perfect,60,1287.0,True,0.0
55838,434,2558,0,2,0.8,131,steffen_perfect,50,1279.5,True,0.0
55969,437,2130,0,2,0.8,131,steffen_perfect,80,1065.5,True,0.0
56100,441,3175,0,2,0.8,132,random,10,1588.0,True,0.0
56232,440,3175,0,2,0.8,132,random,0,1588.0,True,0.0
56364,442,3175,0,2,0.8,132,random,20,1588.0,True,0.0
56496,444,3175,0,2,0.8,132,random,40,1588.0,True,0.0
56628,443,3175,0,2,0.8,132,random,30,1588.0,True,0.0
56760,451,2378,0,2,0.8,132,back_to_front,0,1189.5,True,0.0
56892,445,3175,0,2,0.8,132,random,50,1588.0,True,0.0
57024,447,3175,0,2,0.8,132,random,70,1588.0,True,0.0
57156,450,3175,0,2,0.8,132,random,100,1588.0,True,0.0
57288,449,3175,0,2,0.8,132,random,90,1588.0,True,0.0
57420,448,3175,0,2,0.8,132,random,80,1588.0,True,0.0
57552,446,3175,0,2,0.8,132,random,60,1588.0,True,0.0
57684,454,3105,0,2,0.8,132,back_to_front,30,1553.0,True,0.0
57816,452,3188,0,2,0.8,132,back_to_front,10,1594.5,True,0.0
57948,453,3342,0,2,0.8,132,back_to_front,20,1671.5,True,0.0
58080,455,3632,0,2,0.8,132,back_to_front,40,1816.5,True,0.0
58212,456,3970,0,2,0.8,132,back_to_front,50,1985.5,True,0.0
58344,464,2891,0,2,0.8,132,segmented_random,20,1446.0,True,0.0
58476,462,3015,0,2,0.8,132,segmented_random,0,1508.0,True,0.0
58608,463,2988,0,2,0.8,132,segmented_random,10,1494.5,True,0.0
58740,465,2727,0,2,0.8,132,segmented_random,30,1364.0,True,0.0
58872,467,2589,0,2,0.8,132,segmented_random,50,1295.0,True,0.0
59004,457,4444,0,2,0.8,132,back_to_front,60,2222.5,True,0.0
59136,468,2602,0,2,0.8,132,segmented_random,60,1301.5,True,0.0
59268,466,3087,0,2,0.8,132,segmented_random,40,1544.0,True,0.0
59400,469,2827,0,2,0.8,132,segmented_random,70,1414.0,True,0.0
59532,470,2688,0,2,0.8,132,segmented_random,80,1344.5,True,0.0
59664,458,4950,0,2,0.8,132,back_to_front,70,2475.5,True,0.0
59796,459,5624,0,2,0.8,132,back_to_front,80,2812.5,True,0.0
59928,471,2701,0,2,0.8,132,segmented_random,90,1351.0,True,0.0
60060,472,2883,0,2,0.8,132,segmented_random,100,1442.0,True,0.0
60192,476,2882,0,2,0.8,132,outside_in,30,1441.5,True,0.0
60324,461,6000,0,2,0.8,132,back_to_front,100,3000.5,False,0.0
60456,477,3057,0,2,0.8,132,outside_in,40,1529.0,True,0.0
60588,480,2724,0,2,0.8,132,outside_in,70,1362.5,True,0.0
60720,474,2962,0,2,0.8,132,outside_in,10,1481.5,True,0.0
60852,460,6000,0,2,0.8,132,back_to_front,90,3000.5,False,0.0
60984,473,2989,0,2,0.8,132,outside_in,0,1495.0,True,0.0
61116,478,3165,0,2,0.8,132,outside_in,50,1583.0,True,0.0
61248,475,2968,0,2,0.8,132,outside_in,20,1484.5,True,0.0
61380,479,2736,0,2,0.8,132,outside_in,60,1368.5,True,0.0
61512,481,2888,0,2,0.8,132,outside_in,80,1444.5,True,0.0
61644,482,2771,0,2,0.8,132,outside_in,90,1386.0,True,0.0
61776,484,2618,0,2,0.8,132,steffen_perfect,0,1309.5,True,0.0
61908,483,2718,0,2,0.8,132,outside_in,100,1359.5,True,0.0
62040,493,1793,0,2,0.8,132,steffen_perfect,90,897.0,True,0.0
62172,494,1674,0,2,0.8,132,steffen_perfect,100,837.5,True,0.0
62304,485,2790,0,2,0.8,132,steffen_perfect,10,1395.5,True,0.0
62436,492,2009,0,2,0.8,132,steffen_perfect,80,1005.0,True,0.0
62568,489,2542,0,2,0.8,132,steffen_perfect,50,1271.5,True,0.0
62700,491,2196,0,2,0.8,132,steffen_perfect,70,1098.5,True,0.0
62832,487,2541,0,2,0.8,132,steffen_perfect,30,1271.0,True,0.0
62964,488,2674,0,2,0.8,132,steffen_perfect,40,1337.5,True,0.0
63096,486,2886,0,2,0.8,132,steffen_perfect,20,1443.5,True,0.0
63228,490,2656,0,2,0.8,132,steffen_perfect,60,1328.5,True,0.0
63360,495,3019,0,2,0.8,133,random,0,1510.0,True,0.0
63493,496,3019,0,2,0.8,133,random,10,1510.0,True,0.0
63626,497,3019,0,2,0.8,133,random,20,1510.0,True,0.0
63759,498,3019,0,2,0.8,133,random,30,1510.0,True,0.0
63892,500,3019,0,2,0.8,133,random,50,1510.0,True,0.0
64025,499,3019,0,2,0.8,133,random,40,1510.0,True,0.0
64158,501,3019,0,2,0.8,133,random,60,1510.0,True,0.0
64291,503,3019,0,2,0.8,133,random,80,1510.0,True,0.0
64424,502,3019,0,2,0.8,133,random,70,1510.0,True,0.0
64557,506,2691,0,2,0.8,133,back_to_front,0,1346.0,True,0.0
64690,504,3019,0,2,0.8,133,random,90,1510.0,True,0.0
64823,505,3019,0,2,0.8,133,random,100,1510.0,True,0.0
64956,508,3123,0,2,0.8,133,back_to_front,20,1562.0,True,0.0
65089,509,3299,0,2,0.8,133,back_to_front,30,1650.0,True,0.0
65222,510,3391,0,2,0.8,133,back_to_front,40,1696.0,True,0.0
65355,507,3335,0,2,0.8,133,back_to_front,10,1668.0,True,0.0
65488,511,3566,0,2,0.8,133,back_to_front,50,1783.5,True,0.0
65621,519,2636,0,2,0.8,133,segmented_random,20,1318.5,True,0.0
65754,521,2513,0,2,0.8,133,segmented_random,40,1257.0,True,0.0
65887,517,2633,0,2,0.8,133,segmented_random,0,1317.0,True,0.0
66020,518,2594,0,2,0.8,133,segmented_random,10,1297.5,True,0.0
66153,512,4636,0,2,0.8,133,back_to_front,60,2318.5,True,0.0
66286,520,2832,0,2,0.8,133,segmented_random,30,1416.5,True,0.0
66419,523,2642,0,2,0.8,133,segmented_random,60,1321.5,True,0.0
66552,522,2989,0,2,0.8,133,segmented_random,50,1495.0,True,0.0
66685,513,4952,0,2,0.8,133,back_to_front,70,2476.5,True,0.0
66818,524,2734,0,2,0.8,133,segmented_random,70,1367.5,True,0.0
66951,526,2812,0,2,0.8,133,segmented_random,90,1406.5,True,0.0
67084,525,2777,0,2,0.8,133,segmented_random,80,1389.0,True,0.0
67217,514,5403,0,2,0.8,133,back_to_front,80,2702.0,True,0.0
67350,527,2957,0,2,0.8,133,segmented_random,100,1479.0,True,0.0
67483,530,2908,0,2,0.8,133,outside_in,20,1454.5,True,0.0
67616,515,5987,0,2,0.8,133,back_to_front,90,2994.0,True,0.0
67749,528,2754,0,2,0.8,133,outside_in,0,1377.5,True,0.0
67882,531,2824,0,2,0.8,133,outside_in,30,1412.5,True,0.0
68015,534,2699,0,2,0.8,133,outside_in,60,1350.0,True,0.0
68148,529,2725,0,2,0.8,133,outside_in,10,1363.0,True,0.0
68281,535,2622,0,2,0.8,133,outside_in,70,1311.5,True,0.0
68414,537,2460,0,2,0.8,133,outside_in,90,1230.5,True,0.0
68547,516,6000,0,2,0.8,133,back_to_front,100,3000.5,False,0.0
68680,533,3211,0,2,0.8,133,outside_in,50,1606.0,True,0.0
68813,532,3060,0,2,0.8,133,outside_in,40,1530.5,True,0.0
68946,538,2617,0,2,0.8,133,outside_in,100,1309.0,True,0.0
69079,536,2690,0,2,0.8,133,outside_in,80,1345.5,True,0.0
69212,539,2892,0,2,0.8,133,steffen_perfect,0,1446.5,True,0.0
69345,540,2715,0,2,0.8,133,steffen_perfect,10,1358.0,True,0.0
69478,549,1638,0,2,0.8,133,steffen_perfect,100,819.5,True,0.0
69611,548,1948,0,2,0.8,133,steffen_perfect,90,974.5,True,0.0
69744,547,2083,0,2,0.8,133,steffen_perfect,80,1042.0,True,0.0
69877,541,2833,0,2,0.8,133,steffen_perfect,20,1417.0,True,0.0
70010,546,2310,0,2,0.8,133,steffen_perfect,70,1155.5,True,0.0
70143,543,2643,0,2,0.8,133,steffen_perfect,40,1322.0,True,0.0
70276,545,2485,0,2,0.8,133,steffen_perfect,60,1243.0,True,0.0
70409,544,2633,0,2,0.8,133,steffen_perfect,50,1317.0,True,0.0
70542,542,2743,0,2,0.8,133,steffen_perfect,30,1372.0,True,0.0
70675,551,2941,0,2,0.8,134,random,10,1471.0,True,0.0
70809,552,2941,0,2,0.8,134,random,20,1471.0,True,0.0
70943,550,2941,0,2,0.8,134,random,0,1471.0,True,0.0
71077,553,2941,0,2,0.8,134,random,30,1471.0,True,0.0
71211,554,2941,0,2,0.8,134,random,40,1471.0,True,0.0
71345,555,2941,0,2,0.8,134,random,50,1471.0,True,0.0
71479,559,2941,0,2,0.8,134,random,90,1471.0,True,0.0
71613,557,2941,0,2,0.8,134,random,70,1471.0,True,0.0
71747,558,2941,0,2,0.8,134,random,80,1471.0,True,0.0
71881,560,2941,0,2,0.8,134,random,100,1471.0,True,0.0
72015,556,2941,0,2,0.8,134,random,60,1471.0,True,0.0
72149,561,3106,0,2,0.8,134,back_to_front,0,1553.5,True,0.0
72283,562,3077,0,2,0.8,134,back_to_front,10,1539.0,True,0.0
72417,563,3217,0,2,0.8,134,back_to_front,20,1609.0,True,0.0
72551,564,3426,0,2,0.8,134,back_to_front,30,1713.5,True,0.0
72685,565,3655,0,2,0.8,134,back_to_front,40,1828.0,True,0.0
72819,566,3773,0,2,0.8,134,back_to_front,50,1887.0,True,0.0
72953,573,2813,0,2,0.8,134,segmented_random,10,1407.0,True,0.0
73087,574,3123,0,2,0.8,134,segmented_random,20,1562.0,True,0.0
73221,572,2981,0,2,0.8,134,segmented_random,0,1491.0,True,0.0
73355,577,2692,0,2,0.8,134,segmented_random,50,1346.5,True,0.0
73489,575,3223,0,2,0.8,134,segmented_random,30,1612.0,True,0.0
73623,567,4302,0,2,0.8,134,back_to_front,60,2151.5,True,0.0
73757,578,2785,0,2,0.8,134,segmented_random,60,1393.0,True,0.0
73891,576,2642,0,2,0.8,134,segmented_random,40,1321.5,True,0.0
74025,579,3263,0,2,0.8,134,segmented_random,70,1632.0,True,0.0
74159,568,4954,0,2,0.8,134,back_to_front,70,2477.5,True,0.0
74293,580,3300,0,2,0.8,134,segmented_random,80,1650.5,True,0.0
74427,569,5462,0,2,0.8,134,back_to_front,80,2731.5,True,0.0
74561,581,3829,0,2,0.8,134,segmented_random,90,1915.0,True,0.0
74695,586,2643,0,2,0.8,134,outside_in,30,1322.0,True,0.0
74829,571,6000,0,2,0.8,134,back_to_front,100,3000.5,False,0.0
74963,583,3100,0,2,0.8,134,outside_in,0,1550.5,True,0.0
75097,584,2968,0,2,0.8,134,outside_in,10,1484.5,True,0.0
75231,587,2668,0,2,0.8,134,outside_in,40,1334.5,True,0.0
75365,570,6000,0,2,0.8,134,back_to_front,90,3000.5,False,0.0
75499,585,2976,0,2,0.8,134,outside_in,20,1488.5,True,0.0
75633,589,3046,0,2,0.8,134,outside_in,60,1523.5,True,0.0
75767,590,2911,0,2,0.8,134,outside_in,70,1456.0,True,0.0
75901,588,3075,0,2,0.8,134,outside_in,50,1538.0,True,0.0
76035,591,2746,0,2,0.8,134,outside_in,80,1373.5,True,0.0
76169,592,2560,0,2,0.8,134,outside_in,90,1280.5,True,0.0
76303,582,3953,0,2,0.8,134,segmented_random,100,1977.0,True,0.0
76437,593,2620,0,2,0.8,134,outside_in,100,1310.5,True,0.0
76571,594,2739,0,2,0.8,134,steffen_perfect,0,1370.0,True,0.0
76705,604,1600,0,2,0.8,134,steffen_perfect,100,800.5,True,0.0
76839,602,1900,0,2,0.8,134,steffen_perfect,80,950.5,True,0.0
76973,603,1977,0,2,0.8,134,steffen_perfect,90,989.0,True,0.0
77107,596,2578,0,2,0.8,134,steffen_perfect,20,1289.5,True,0.0
77241,595,2925,0,2,0.8,134,steffen_perfect,10,1463.0,True,0.0
77375,597,2756,0,2,0.8,134,steffen_perfect,30,1378.5,True,0.0
77509,601,2533,0,2,0.8,134,steffen_perfect,70,1267.0,True,0.0
77643,600,2699,0,2,0.8,134,steffen_perfect,60,1350.0,True,0.0
77777,598,2629,0,2,0.8,134,steffen_perfect,40,1315.0,True,0.0
77911,599,2814,0,2,0.8,134,steffen_perfect,50,1407.5,True,0.0
78045,605,2880,0,2,0.8,135,random,0,1440.5,True,0.0
78180,607,2880,0,2,0.8,135,random,20,1440.5,True,0.0
78315,606,2880,0,2,0.8,135,random,10,1440.5,True,0.0
78450,608,2880,0,2,0.8,135,random,30,1440.5,True,0.0
78585,609,2880,0,2,0.8,135,random,40,1440.5,True,0.0
78720,610,2880,0,2,0.8,135,random,50,1440.5,True,0.0
78855,611,2880,0,2,0.8,135,random,60,1440.5,True,0.0
78990,612,2880,0,2,0.8,135,random,70,1440.5,True,0.0
79125,613,2880,0,2,0.8,135,random,80,1440.5,True,0.0
79260,615,2880,0,2,0.8,135,random,100,1440.5,True,0.0
79395,614,2880,0,2,0.8,135,random,90,1440.5,True,0.0
79530,617,3107,0,2,0.8,135,back_to_front,10,1554.0,True,0.0
79665,619,3091,0,2,0.8,135,back_to_front,30,1546.0,True,0.0
79800,616,3443,0,2,0.8,135,back_to_front,0,1722.0,True,0.0
79935,618,3415,0,2,0.8,135,back_to_front,20,1708.0,True,0.0
80070,627,2544,0,2,0.8,135,segmented_random,0,1272.5,True,0.0
80205,620,3921,0,2,0.8,135,back_to_front,40,1961.0,True,0.0
80340,621,3873,0,2,0.8,135,back_to_front,50,1937.0,True,0.0
80475,629,2875,0,2,0.8,135,segmented_random,20,1438.0,True,0.0
80610,630,3043,0,2,0.8,135,segmented_random,30,1522.0,True,0.0
80745,631,3013,0,2,0.8,135,segmented_random,40,1507.0,True,0.0
80880,628,2926,0,2,0.8,135,segmented_random,10,1463.5,True,0.0
81015,622,4468,0,2,0.8,135,back_to_front,60,2234.5,True,0.0
81150,632,3073,0,2,0.8,135,segmented_random,50,1537.0,True,0.0
81285,623,5210,0,2,0.8,135,back_to_front,70,2605.5,True,0.0
81420,624,5142,0,2,0.8,135,back_to_front,80,2571.5,True,0.0
81555,634,3135,0,2,0.8,135,segmented_random,70,1568.0,True,0.0
81690,633,3522,0,2,0.8,135,segmented_random,60,1761.5,True,0.0
81825,635,3356,0,2,0.8,135,segmented_random,80,1678.5,True,0.0
81960,625,6000,0,2,0.8,135,back_to_front,90,3000.5,False,0.0
82095,638,2936,0,2,0.8,135,outside_in,0,1468.5,True,0.0
82230,636,3477,0,2,0.8,135,segmented_random,90,1739.0,True,0.0
82365,626,6000,0,2,0.8,135,back_to_front,100,3000.5,False,0.0
82500,643,3204,0,2,0.8,135,outside_in,50,1602.5,True,0.0
82635,639,3062,0,2,0.8,135,outside_in,10,1531.5,True,0.0
82770,642,3380,0,2,0.8,135,outside_in,40,1690.5,True,0.0
82905,637,3561,0,2,0.8,135,segmented_random,100,1781.0,True,0.0
83040,645,2783,0,2,0.8,135,outside_in,70,1392.0,True,0.0
83175,644,3286,0,2,0.8,135,outside_in,60,1643.5,True,0.0
83310,646,3038,0,2,0.8,135,outside_in,80,1519.5,True,0.0
83445,647,2971,0,2,0.8,135,outside_in,90,1486.0,True,0.0
83580,650,2768,0,2,0.8,135,steffen_perfect,10,1384.5,True,0.0
83715,651,2633,0,2,0.8,135,steffen_perfect,20,1317.0,True,0.0
83850,659,1593,0,2,0.8,135,steffen_perfect,100,797.0,True,0.0
83985,649,3050,0,2,0.8,135,steffen_perfect,0,1525.5,True,0.0
84120,656,2273,0,2,0.8,135,steffen_perfect,70,1137.0,True,0.0
84255,654,2595,0,2,0.8,135,steffen_perfect,50,1298.0,True,0.0
84390,655,2612,0,2,0.8,135,steffen_perfect,60,1306.5,True,0.0
84525,657,2127,0,2,0.8,135,steffen_perfect,80,1064.0,True,0.0
84660,652,2838,0,2,0.8,135,steffen_perfect,30,1419.5,True,0.0
84795,658,1874,0,2,0.8,135,steffen_perfect,90,937.5,True,0.0
84930,661,2963,0,2,0.8,136,random,10,1482.0,True,0.0
85066,660,2963,0,2,0.8,136,random,0,1482.0,True,0.0
85202,664,2963,0,2,0.8,136,random,40,1482.0,True,0.0
85338,665,2963,0,2,0.8,136,random,50,1482.0,True,0.0
85474,662,2963,0,2,0.8,136,random,20,1482.0,True,0.0
85610,668,2963,0,2,0.8,136,random,80,1482.0,True,0.0
85746,669,2963,0,2,0.8,136,random,90,1482.0,True,0.0
85882,670,2963,0,2,0.8,136,random,100,1482.0,True,0.0
86018,671,3093,0,2,0.8,136,back_to_front,0,1547.0,True,0.0
86154,672,3415,0,2,0.8,136,back_to_front,10,1708.0,True,0.0
86290,673,3273,0,2,0.8,136,back_to_front,20,1637.0,True,0.0
86426,675,3627,0,2,0.8,136,back_to_front,40,1814.0,True,0.0
86562,676,3737,0,2,0.8,136,back_to_front,50,1869.0,True,0.0
86698,666,2963,0,2,0.8,136,random,60,1482.0,True,0.0
86834,677,4439,0,2,0.8,136,back_to_front,60,2220.0,True,0.0
86970,653,2874,0,2,0.8,135,steffen_perfect,40,1437.5,True,0.0
87105,682,2794,0,2,0.8,136,segmented_random,0,1397.5,True,0.0
87241,678,5088,0,2,0.8,136,back_to_front,70,2544.5,True,0.0
87377,679,5363,0,2,0.8,136,back_to_front,80,2682.0,True,0.0
87513,683,2960,0,2,0.8,136,segmented_random,10,1480.5,True,0.0
87649,684,2644,0,2,0.8,136,segmented_random,20,1322.5,True,0.0
87785,685,2990,0,2,0.8,136,segmented_random,30,1495.5,True,0.0
87921,680,6000,0,2,0.8,136,back_to_front,90,3000.5,False,0.0
88057,686,3106,0,2,0.8,136,segmented_random,40,1553.5,True,0.0
88193,687,3017,0,2,0.8,136,segmented_random,50,1509.0,True,0.0
88329,688,3060,0,2,0.8,136,segmented_random,60,1530.5,True,0.0
88465,681,6000,0,2,0.8,136,back_to_front,100,3000.5,False,0.0
88601,689,3303,0,2,0.8,136,segmented_random,70,1652.0,True,0.0
88737,690,3246,0,2,0.8,136,segmented_random,80,1623.5,True,0.0
88873,691,3376,0,2,0.8,136,segmented_random,90,1688.5,True,0.0
89009,693,2967,0,2,0.8,136,outside_in,0,1484.0,True,0.0
89145,692,3552,0,2,0.8,136,segmented_random,100,1776.5,True,0.0
89281,694,3112,0,2,0.8,136,outside_in,10,1556.5,True,0.0
89417,695,3105,0,2,0.8,136,outside_in,20,1553.0,True,0.0
89553,696,3002,0,2,0.8,136,outside_in,30,1501.5,True,0.0
89689,697,2783,0,2,0.8,136,outside_in,40,1392.0,True,0.0
89825,698,3027,0,2,0.8,136,outside_in,50,1514.0,True,0.0
89961,700,2635,0,2,0.8,136,outside_in,70,1318.0,True,0.0
90097,699,3180,0,2,0.8,136,outside_in,60,1590.5,True,0.0
90233,701,2973,0,2,0.8,136,outside_in,80,1487.0,True,0.0
90369,704,2617,0,2,0.8,136,steffen_perfect,0,1309.0,True,0.0
90505,702,2888,0,2,0.8,136,outside_in,90,1444.5,True,0.0
90641,703,2989,0,2,0.8,136,outside_in,100,1495.0,True,0.0
90777,705,2736,0,2,0.8,136,steffen_perfect,10,1368.5,True,0.0
90913,706,2841,0,2,0.8,136,steffen_perfect,20,1421.0,True,0.0
91049,708,2471,0,2,0.8,136,steffen_perfect,40,1236.0,True,0.0
91185,707,2987,0,2,0.8,136,steffen_perfect,30,1494.0,True,0.0
91321,710,2372,0,2,0.8,136,steffen_perfect,60,1186.5,True,0.0
91457,714,1611,0,2,0.8,136,steffen_perfect,100,806.0,True,0.0
91593,709,2727,0,2,0.8,136,steffen_perfect,50,1364.0,True,0.0
91729,711,2150,0,2,0.8,136,steffen_perfect,70,1075.5,True,0.0
91865,713,1860,0,2,0.8,136,steffen_perfect,90,930.5,True,0.0
92001,712,2088,0,2,0.8,136,steffen_perfect,80,1044.5,True,0.0
92137,715,2696,0,2,0.8,137,random,0,1348.5,True,0.0
92274,716,2696,0,2,0.8,137,random,10,1348.5,True,0.0
92411,717,2696,0,2,0.8,137,random,20,1348.5,True,0.0
92548,719,2696,0,2,0.8,137,random,40,1348.5,True,0.0
92685,718,2696,0,2,0.8,137,random,30,1348.5,True,0.0
92822,720,2696,0,2,0.8,137,random,50,1348.5,True,0.0
92959,721,2696,0,2,0.8,137,random,60,1348.5,True,0.0
93096,723,2696,0,2,0.8,137,random,80,1348.5,True,0.0
93233,722,2696,0,2,0.8,137,random,70,1348.5,True,0.0
93370,724,2696,0,2,0.8,137,random,90,1348.5,True,0.0
93507,725,2696,0,2,0.8,137,random,100,1348.5,True,0.0
93644,726,3040,0,2,0.8,137,back_to_front,0,1520.5,True,0.0
93781,727,3245,0,2,0.8,137,back_to_front,10,1623.0,True,0.0
93918,728,3607,0,2,0.8,137,back_to_front,20,1804.0,True,0.0
94055,729,3464,0,2,0.8,137,back_to_front,30,1732.5,True,0.0
94192,730,3639,0,2,0.8,137,back_to_front,40,1820.0,True,0.0
94329,731,4221,0,2,0.8,137,back_to_front,50,2111.0,True,0.0
94466,732,4547,0,2,0.8,137,back_to_front,60,2274.0,True,0.0
94603,733,5092,0,2,0.8,137,back_to_front,70,2546.5,True,0.0
94740,737,2942,0,2,0.8,137,segmented_random,0,1471.5,True,0.0
94877,738,3061,0,2,0.8,137,segmented_random,10,1531.0,True,0.0
95014,739,3172,0,2,0.8,137,segmented_random,20,1586.5,True,0.0
95151,734,5882,0,2,0.8,137,back_to_front,80,2941.5,True,0.0
95288,740,3262,0,2,0.8,137,segmented_random,30,1631.5,True,0.0
95425,741,3088,0,2,0.8,137,segmented_random,40,1544.5,True,0.0
95562,742,3432,0,2,0.8,137,segmented_random,50,1716.5,True,0.0
95699,736,6000,0,2,0.8,137,back_to_front,100,3000.5,False,0.0
95836,743,3157,0,2,0.8,137,segmented_random,60,1579.0,True,0.0
95973,744,3170,0,2,0.8,137,segmented_random,70,1585.5,True,0.0
96110,747,3715,0,2,0.8,137,segmented_random,100,1858.0,True,0.0
96247,750,2963,0,2,0.8,137,outside_in,20,1482.0,True,0.0
96384,753,2922,0,2,0.8,137,outside_in,50,1461.5,True,0.0
96521,751,3121,0,2,0.8,137,outside_in,30,1561.0,True,0.0
96658,755,2606,0,2,0.8,137,outside_in,70,1303.5,True,0.0
96795,749,3093,0,2,0.8,137,outside_in,10,1547.0,True,0.0
96932,758,2740,0,2,0.8,137,outside_in,100,1370.5,True,0.0
97069,759,3081,0,2,0.8,137,steffen_perfect,0,1541.0,True,0.0
97206,760,3062,0,2,0.8,137,steffen_perfect,10,1531.5,True,0.0
97343,761,2621,0,2,0.8,137,steffen_perfect,20,1311.0,True,0.0
97480,762,2665,0,2,0.8,137,steffen_perfect,30,1333.0,True,0.0
97617,763,2986,0,2,0.8,137,steffen_perfect,40,1493.5,True,0.0
97754,764,3112,0,2,0.8,137,steffen_perfect,50,1556.5,True,0.0
97891,765,2573,0,2,0.8,137,steffen_perfect,60,1287.0,True,0.0
98028,766,2426,0,2,0.8,137,steffen_perfect,70,1213.5,True,0.0
98165,767,2027,0,2,0.8,137,steffen_perfect,80,1014.0,True,0.0
98302,757,2559,0,2,0.8,137,outside_in,90,1280.0,True,0.0
98439,768,1995,0,2,0.8,137,steffen_perfect,90,998.0,True,0.0
98576,769,1625,0,2,0.8,137,steffen_perfect,100,813.0,True,0.0
98713,770,3126,0,2,0.8,138,random,0,1563.5,True,0.0
98851,771,3126,0,2,0.8,138,random,10,1563.5,True,0.0
98989,772,3126,0,2,0.8,138,random,20,1563.5,True,0.0
99127,773,3126,0,2,0.8,138,random,30,1563.5,True,0.0
99265,774,3126,0,2,0.8,138,random,40,1563.5,True,0.0
99403,775,3126,0,2,0.8,138,random,50,1563.5,True,0.0
99541,776,3126,0,2,0.8,138,random,60,1563.5,True,0.0
99679,777,3126,0,2,0.8,138,random,70,1563.5,True,0.0
99817,778,3126,0,2,0.8,138,random,80,1563.5,True,0.0
99955,640,2901,0,2,0.8,135,outside_in,20,1451.0,True,0.0
100090,641,3166,0,2,0.8,135,outside_in,30,1583.5,True,0.0
100225,779,3126,0,2,0.8,138,random,90,1563.5,True,0.0
100363,782,3015,0,2,0.8,138,back_to_front,10,1508.0,True,0.0
100501,783,3525,0,2,0.8,138,back_to_front,20,1763.0,True,0.0
100639,784,3949,0,2,0.8,138,back_to_front,30,1975.0,True,0.0
100777,648,2915,0,2,0.8,135,outside_in,100,1458.0,True,0.0
100912,785,4014,0,2,0.8,138,back_to_front,40,2007.5,True,0.0
101050,786,4237,0,2,0.8,138,back_to_front,50,2119.0,True,0.0
101188,674,3422,0,2,0.8,136,back_to_front,30,1711.5,True,0.0
101324,787,4684,0,2,0.8,138,back_to_front,60,2342.5,True,0.0
101462,788,4999,0,2,0.8,138,back_to_front,70,2500.0,True,0.0
101600,667,2963,0,2,0.8,136,random,70,1482.0,True,0.0
101736,663,2963,0,2,0.8,136,random,30,1482.0,True,0.0
101872,789,5847,0,2,0.8,138,back_to_front,80,2924.0,True,0.0
102010,792,2952,0,2,0.8,138,segmented_random,0,1476.5,True,0.0
102148,793,2935,0,2,0.8,138,segmented_random,10,1468.0,True,0.0
102286,790,6000,0,2,0.8,138,back_to_front,90,3000.5,False,0.0
102424,794,3257,0,2,0.8,138,segmented_random,20,1629.0,True,0.0
102562,795,3289,0,2,0.8,138,segmented_random,30,1645.0,True,0.0
102700,796,3099,0,2,0.8,138,segmented_random,40,1550.0,True,0.0
102838,791,6000,0,2,0.8,138,back_to_front,100,3000.5,False,0.0
102976,798,3089,0,2,0.8,138,segmented_random,60,1545.0,True,0.0
103114,799,3493,0,2,0.8,138,segmented_random,70,1747.0,True,0.0
103252,800,3408,0,2,0.8,138,segmented_random,80,1704.5,True,0.0
103390,801,3459,0,2,0.8,138,segmented_random,90,1730.0,True,0.0
103528,803,2914,0,2,0.8,138,outside_in,0,1457.5,True,0.0
103666,802,3626,0,2,0.8,138,segmented_random,100,1813.5,True,0.0
103804,804,3205,0,2,0.8,138,outside_in,10,1603.0,True,0.0
103942,806,2823,0,2,0.8,138,outside_in,30,1412.0,True,0.0
104080,805,2945,0,2,0.8,138,outside_in,20,1473.0,True,0.0
104218,809,2593,0,2,0.8,138,outside_in,60,1297.0,True,0.0
104356,808,2725,0,2,0.8,138,outside_in,50,1363.0,True,0.0
104494,807,2907,0,2,0.8,138,outside_in,40,1454.0,True,0.0
104632,810,2963,0,2,0.8,138,outside_in,70,1482.0,True,0.0
104770,814,2778,0,2,0.8,138,steffen_perfect,0,1389.5,True,0.0
104908,811,3009,0,2,0.8,138,outside_in,80,1505.0,True,0.0
105046,746,3456,0,2,0.8,137,segmented_random,90,1728.5,True,0.0
105183,815,2786,0,2,0.8,138,steffen_perfect,10,1393.5,True,0.0
105321,816,2773,0,2,0.8,138,steffen_perfect,20,1387.0,True,0.0
105459,820,2480,0,2,0.8,138,steffen_perfect,60,1240.5,True,0.0
105597,817,2472,0,2,0.8,138,steffen_perfect,30,1236.5,True,0.0
105735,819,2522,0,2,0.8,138,steffen_perfect,50,1261.5,True,0.0
105873,818,2803,0,2,0.8,138,steffen_perfect,40,1402.0,True,0.0
106011,735,6000,0,2,0.8,137,back_to_front,90,3000.5,False,0.0
106148,824,1616,0,2,0.8,138,steffen_perfect,100,808.5,True,0.0
106286,823,1808,0,2,0.8,138,steffen_perfect,90,904.5,True,0.0
106424,822,2220,0,2,0.8,138,steffen_perfect,80,1110.5,True,0.0
106562,825,3200,0,2,0.8,139,random,0,1600.5,True,0.0
106701,828,3200,0,2,0.8,139,random,30,1600.5,True,0.0
106840,826,3200,0,2,0.8,139,random,10,1600.5,True,0.0
106979,827,3200,0,2,0.8,139,random,20,1600.5,True,0.0
107118,829,3200,0,2,0.8,139,random,40,1600.5,True,0.0
107257,830,3200,0,2,0.8,139,random,50,1600.5,True,0.0
107396,832,3200,0,2,0.8,139,random,70,1600.5,True,0.0
107535,833,3200,0,2,0.8,139,random,80,1600.5,True,0.0
107674,754,2748,0,2,0.8,137,outside_in,60,1374.5,True,0.0
107811,745,3442,0,2,0.8,137,segmented_random,80,1721.5,True,0.0
107948,748,3027,0,2,0.8,137,outside_in,0,1514.0,True,0.0
108085,752,2927,0,2,0.8,137,outside_in,40,1464.0,True,0.0
108222,836,2910,0,2,0.8,139,back_to_front,0,1455.5,True,0.0
108361,837,2978,0,2,0.8,139,back_to_front,10,1489.5,True,0.0
108500,756,2572,0,2,0.8,137,outside_in,80,1286.5,True,0.0
108637,838,3743,0,2,0.8,139,back_to_front,20,1872.0,True,0.0
108776,840,3741,0,2,0.8,139,back_to_front,40,1871.0,True,0.0
108915,839,4126,0,2,0.8,139,back_to_front,30,2063.5,True,0.0
109054,841,4522,0,2,0.8,139,back_to_front,50,2261.5,True,0.0
109193,842,4621,0,2,0.8,139,back_to_front,60,2311.0,True,0.0
109332,843,5007,0,2,0.8,139,back_to_front,70,2504.0,True,0.0
109471,847,2778,0,2,0.8,139,segmented_random,0,1389.5,True,0.0
109610,844,5751,0,2,0.8,139,back_to_front,80,2876.0,True,0.0
109749,848,2907,0,2,0.8,139,segmented_random,10,1454.0,True,0.0
109888,845,6000,0,2,0.8,139,back_to_front,90,3000.5,False,0.0
110027,849,3024,0,2,0.8,139,segmented_random,20,1512.5,True,0.0
110166,851,2897,0,2,0.8,139,segmented_random,40,1449.0,True,0.0
110305,850,3162,0,2,0.8,139,segmented_random,30,1581.5,True,0.0
110444,846,6000,0,2,0.8,139,back_to_front,100,3000.5,False,0.0
110583,852,2881,0,2,0.8,139,segmented_random,50,1441.0,True,0.0
110722,853,3145,0,2,0.8,139,segmented_random,60,1573.0,True,0.0
110861,854,3261,0,2,0.8,139,segmented_random,70,1631.0,True,0.0
111000,855,3332,0,2,0.8,139,segmented_random,80,1666.5,True,0.0
111139,858,3285,0,2,0.8,139,outside_in,0,1643.0,True,0.0
111278,856,3670,0,2,0.8,139,segmented_random,90,1835.5,True,0.0
111417,859,2881,0,2,0.8,139,outside_in,10,1441.0,True,0.0
111556,857,3854,0,2,0.8,139,segmented_random,100,1927.5,True,0.0
111695,860,2927,0,2,0.8,139,outside_in,20,1464.0,True,0.0
111834,861,2941,0,2,0.8,139,outside_in,30,1471.0,True,0.0
111973,862,2962,0,2,0.8,139,outside_in,40,1481.5,True,0.0
112112,865,2765,0,2,0.8,139,outside_in,70,1383.0,True,0.0
112251,864,2734,0,2,0.8,139,outside_in,60,1367.5,True,0.0
112390,863,3137,0,2,0.8,139,outside_in,50,1569.0,True,0.0
112529,867,3047,0,2,0.8,139,outside_in,90,1524.0,True,0.0
112668,868,2830,0,2,0.8,139,outside_in,100,1415.5,True,0.0
112807,870,2793,0,2,0.8,139,steffen_perfect,10,1397.0,True,0.0
112946,871,2909,0,2,0.8,139,steffen_perfect,20,1455.0,True,0.0
113085,872,2808,0,2,0.8,139,steffen_perfect,30,1404.5,True,0.0
113224,873,2752,0,2,0.8,139,steffen_perfect,40,1376.5,True,0.0
113363,874,2547,0,2,0.8,139,steffen_perfect,50,1274.0,True,0.0
113502,875,2383,0,2,0.8,139,steffen_perfect,60,1192.0,True,0.0
113641,877,2102,0,2,0.8,139,steffen_perfect,80,1051.5,True,0.0
113780,876,2437,0,2,0.8,139,steffen_perfect,70,1219.0,True,0.0
113919,878,1941,0,2,0.8,139,steffen_perfect,90,971.0,True,0.0
114058,879,1644,0,2,0.8,139,steffen_perfect,100,822.5,True,0.0
114197,880,3024,0,2,0.8,140,random,0,1512.5,True,0.0
114337,881,3024,0,2,0.8,140,random,10,1512.5,True,0.0
114477,780,3126,0,2,0.8,138,random,100,1563.5,True,0.0
114615,781,2970,0,2,0.8,138,back_to_front,0,1485.5,True,0.0
114753,887,3024,0,2,0.8,140,random,70,1512.5,True,0.0
114893,888,3024,0,2,0.8,140,random,80,1512.5,True,0.0
115033,889,3024,0,2,0.8,140,random,90,1512.5,True,0.0
115173,890,3024,0,2,0.8,140,random,100,1512.5,True,0.0
115313,812,2725,0,2,0.8,138,outside_in,90,1363.0,True,0.0
115451,813,2792,0,2,0.8,138,outside_in,100,1396.5,True,0.0
115589,891,3379,0,2,0.8,140,back_to_front,0,1690.0,True,0.0
115729,892,2958,0,2,0.8,140,back_to_front,10,1479.5,True,0.0
115869,893,3627,0,2,0.8,140,back_to_front,20,1814.0,True,0.0
116009,821,2583,0,2,0.8,138,steffen_perfect,70,1292.0,True,0.0
116147,894,3805,0,2,0.8,140,back_to_front,30,1903.0,True,0.0
116287,896,3937,0,2,0.8,140,back_to_front,50,1969.0,True,0.0
116427,895,4074,0,2,0.8,140,back_to_front,40,2037.5,True,0.0
116567,897,4255,0,2,0.8,140,back_to_front,60,2128.0,True,0.0
116707,898,5091,0,2,0.8,140,back_to_front,70,2546.0,True,0.0
116847,797,3441,0,2,0.8,138,segmented_random,50,1721.0,True,0.0
116985,899,5303,0,2,0.8,140,back_to_front,80,2652.0,True,0.0
117125,902,3080,0,2,0.8,140,segmented_random,0,1540.5,True,0.0
117265,903,2474,0,2,0.8,140,segmented_random,10,1237.5,True,0.0
117405,904,2499,0,2,0.8,140,segmented_random,20,1250.0,True,0.0
117545,900,6000,0,2,0.8,140,back_to_front,90,3000.5,False,0.0
117685,901,6000,0,2,0.8,140,back_to_front,100,3000.5,False,0.0
117825,905,3011,0,2,0.8,140,segmented_random,30,1506.0,True,0.0
117965,831,3200,0,2,0.8,139,random,60,1600.5,True,0.0
118104,906,2760,0,2,0.8,140,segmented_random,40,1380.5,True,0.0
118244,834,3200,0,2,0.8,139,random,90,1600.5,True,0.0
118383,907,3285,0,2,0.8,140,segmented_random,50,1643.0,True,0.0
118523,908,3338,0,2,0.8,140,segmented_random,60,1669.5,True,0.0
118663,835,3200,0,2,0.8,139,random,100,1600.5,True,0.0
118802,909,3502,0,2,0.8,140,segmented_random,70,1751.5,True,0.0
118942,913,2979,0,2,0.8,140,outside_in,0,1490.0,True,0.0
119082,910,3565,0,2,0.8,140,segmented_random,80,1783.0,True,0.0
119222,914,3091,0,2,0.8,140,outside_in,10,1546.0,True,0.0
119362,911,3821,0,2,0.8,140,segmented_random,90,1911.0,True,0.0
119502,912,3960,0,2,0.8,140,segmented_random,100,1980.5,True,0.0
119642,916,2947,0,2,0.8,140,outside_in,30,1474.0,True,0.0
119782,915,3360,0,2,0.8,140,outside_in,20,1680.5,True,0.0
119922,918,2805,0,2,0.8,140,outside_in,50,1403.0,True,0.0
120062,917,3228,0,2,0.8,140,outside_in,40,1614.5,True,0.0
120202,919,3075,0,2,0.8,140,outside_in,60,1538.0,True,0.0
120342,920,2951,0,2,0.8,140,outside_in,70,1476.0,True,0.0
120482,921,3113,0,2,0.8,140,outside_in,80,1557.0,True,0.0
120622,922,2853,0,2,0.8,140,outside_in,90,1427.0,True,0.0
120762,923,3005,0,2,0.8,140,outside_in,100,1503.0,True,0.0
120902,925,2399,0,2,0.8,140,steffen_perfect,10,1200.0,True,0.0
121042,924,2758,0,2,0.8,140,steffen_perfect,0,1379.5,True,0.0
121182,927,2599,0,2,0.8,140,steffen_perfect,30,1300.0,True,0.0
121322,928,2371,0,2,0.8,140,steffen_perfect,40,1186.0,True,0.0
121462,930,2553,0,2,0.8,140,steffen_perfect,60,1277.0,True,0.0
121602,931,2546,0,2,0.8,140,steffen_perfect,70,1273.5,True,0.0
121742,934,1641,0,2,0.8,140,steffen_perfect,100,821.0,True,0.0
121882,932,2285,0,2,0.8,140,steffen_perfect,80,1143.0,True,0.0
122022,933,2125,0,2,0.8,140,steffen_perfect,90,1063.0,True,0.0
122162,935,3479,0,2,0.8,141,random,0,1740.0,True,0.0
122303,937,3479,0,2,0.8,141,random,20,1740.0,True,0.0
122444,940,3479,0,2,0.8,141,random,50,1740.0,True,0.0
122585,941,3479,0,2,0.8,141,random,60,1740.0,True,0.0
122726,939,3479,0,2,0.8,141,random,40,1740.0,True,0.0
122867,942,3479,0,2,0.8,141,random,70,1740.0,True,0.0
123008,946,2900,0,2,0.8,141,back_to_front,0,1450.5,True,0.0
123149,943,3479,0,2,0.8,141,random,80,1740.0,True,0.0
123290,944,3479,0,2,0.8,141,random,90,1740.0,True,0.0
123431,947,3257,0,2,0.8,141,back_to_front,10,1629.0,True,0.0
123572,948,3365,0,2,0.8,141,back_to_front,20,1683.0,True,0.0
123713,949,3772,0,2,0.8,141,back_to_front,30,1886.5,True,0.0
123854,950,3941,0,2,0.8,141,back_to_front,40,1971.0,True,0.0
123995,951,4020,0,2,0.8,141,back_to_front,50,2010.5,True,0.0
124136,866,2917,0,2,0.8,139,outside_in,80,1459.0,True,0.0
124275,869,2961,0,2,0.8,139,steffen_perfect,0,1481.0,True,0.0
124414,957,2858,0,2,0.8,141,segmented_random,0,1429.5,True,0.0
124555,956,6000,0,2,0.8,141,back_to_front,100,3000.5,False,0.0
124696,958,2947,0,2,0.8,141,segmented_random,10,1474.0,True,0.0
124837,882,3024,0,2,0.8,140,random,20,1512.5,True,0.0
124977,883,3024,0,2,0.8,140,random,30,1512.5,True,0.0
125117,959,3080,0,2,0.8,141,segmented_random,20,1540.5,True,0.0
125258,960,3362,0,2,0.8,141,segmented_random,30,1681.5,True,0.0
125399,961,3058,0,2,0.8,141,segmented_random,40,1529.5,True,0.0
125540,884,3024,0,2,0.8,140,random,40,1512.5,True,0.0
125680,886,3024,0,2,0.8,140,random,60,1512.5,True,0.0
125820,962,3333,0,2,0.8,141,segmented_random,50,1667.0,True,0.0
125961,885,3024,0,2,0.8,140,random,50,1512.5,True,0.0
126101,963,3106,0,2,0.8,141,segmented_random,60,1553.5,True,0.0
126242,964,3272,0,2,0.8,141,segmented_random,70,1636.5,True,0.0
126383,965,3513,0,2,0.8,141,segmented_random,80,1757.0,True,0.0
126524,966,3943,0,2,0.8,141,segmented_random,90,1972.0,True,0.0
126665,967,3906,0,2,0.8,141,segmented_random,100,1953.5,True,0.0
126806,968,3168,0,2,0.8,141,outside_in,0,1584.5,True,0.0
126947,969,3049,0,2,0.8,141,outside_in,10,1525.0,True,0.0
127088,970,3113,0,2,0.8,141,outside_in,20,1557.0,True,0.0
127229,971,2974,0,2,0.8,141,outside_in,30,1487.5,True,0.0
127370,972,3337,0,2,0.8,141,outside_in,40,1669.0,True,0.0
127511,973,2995,0,2,0.8,141,outside_in,50,1498.0,True,0.0
127652,974,2974,0,2,0.8,141,outside_in,60,1487.5,True,0.0
127793,975,2951,0,2,0.8,141,outside_in,70,1476.0,True,0.0
127934,976,2926,0,2,0.8,141,outside_in,80,1463.5,True,0.0
128075,977,2985,0,2,0.8,141,outside_in,90,1493.0,True,0.0
128216,978,2988,0,2,0.8,141,outside_in,100,1494.5,True,0.0
128357,979,2922,0,2,0.8,141,steffen_perfect,0,1461.5,True,0.0
128498,981,2822,0,2,0.8,141,steffen_perfect,20,1411.5,True,0.0
128639,982,2855,0,2,0.8,141,steffen_perfect,30,1428.0,True,0.0
128780,980,2896,0,2,0.8,141,steffen_perfect,10,1448.5,True,0.0
128921,983,2642,0,2,0.8,141,steffen_perfect,40,1321.5,True,0.0
129062,984,2652,0,2,0.8,141,steffen_perfect,50,1326.5,True,0.0
129203,985,2480,0,2,0.8,141,steffen_perfect,60,1240.5,True,0.0
129344,989,1645,0,2,0.8,141,steffen_perfect,100,823.0,True,0.0
129485,988,1912,0,2,0.8,141,steffen_perfect,90,956.5,True,0.0
129626,986,2659,0,2,0.8,141,steffen_perfect,70,1330.0,True,0.0
129767,987,2636,0,2,0.8,141,steffen_perfect,80,1318.5,True,0.0
129908,938,3479,0,2,0.8,141,random,30,1740.0,True,0.0
130049,936,3479,0,2,0.8,141,random,10,1740.0,True,0.0
130190,945,3479,0,2,0.8,141,random,100,1740.0,True,0.0
130331,953,4886,0,2,0.8,141,back_to_front,70,2443.5,True,0.0
130472,954,5751,0,2,0.8,141,back_to_front,80,2876.0,True,0.0
130613,955,6000,0,2,0.8,141,back_to_front,90,3000.5,False,0.0
130754,952,4297,0,2,0.8,141,back_to_front,60,2149.0,True,0.0
130895,929,2782,0,2,0.8,140,steffen_perfect,50,1391.5,True,0.0
131035,926,3172,0,2,0.8,140,steffen_perfect,20,1586.5,True,0.0
